{"go2": {"n": 72, "scaleCOT": {"direct_target_command": 0.7457063689342499, "scaled_target_command_90": 0.7020743696167885, "scaled_target_command_75": 0.6651615331135604}, "oracle": 0.6584261098523567, "vgcc": 0.7229224887129284, "best": 0.75, "win": {"1.0": 0.013888888888888888, "0.9": 0.20833333333333334, "0.75": 0.7777777777777778}}, "h1": {"n": 197, "scaleCOT": {"direct_target_command": 1.966725034290084, "scaled_target_command_90": 1.8803171537676457, "scaled_target_command_75": 1.773876921413117}, "oracle": 1.7409263206670713, "vgcc": 1.9549855398545621, "best": 0.75, "win": {"1.0": 0.06598984771573604, "0.9": 0.19796954314720813, "0.75": 0.7360406091370558}}}